{"training step": 941, "_timestamp": 1708034769.3479743, "_runtime": 73.9799292087555, "_step": 1888, "Loss for agent0": 0.9606692790985107, "Loss for agent1": 1.1907929182052612, "Loss for agent2": 0.750714123249054, "reward": {"adversary_0": -832.0491839887156, "agent_0": 407.26327624608894, "agent_1": 407.26327624608894}, "global step": 958, "episode": 9, "_wandb": {"runtime": 73}}