{"training Loss for agent0": 0.2584127187728882, "_timestamp": 1708602975.378731, "_runtime": 3.540834903717041, "_step": 40, "training Loss for agent1": 0.3325433135032654, "training Loss for agent2": 0.34331509470939636, "training step": 10, "evaluation_env  avg_reward": {"adversary_0": -32.40370364050509, "agent_0": 17.835606237684747, "agent_1": 17.835606237684747}, "total steps": 113, "episode": 4, "_wandb": {"runtime": 2}}