{"training Loss for agent0": 0.05539354681968689, "_timestamp": 1708614243.0120814, "_runtime": 59.598140478134155, "_step": 1106, "training Loss for agent1": 0.12371808290481567, "training Loss for agent2": 0.08402662724256516, "training step": 270, "evaluation_env  avg_reward": {"adversary_0": -56.99190850132451, "agent_0": 41.7632305579581, "agent_1": 41.7632305579581}, "total steps": 384, "episode": 15, "_wandb": {"runtime": 59}}