{"training step": 99, "_timestamp": 1708043641.901711, "_runtime": 25.386455059051514, "_step": 98, "_wandb": {"runtime": 25}}