{"training step": 1310, "_timestamp": 1708044436.3945925, "_runtime": 170.80292463302612, "_step": 2226, "Loss for agent0": 0.7975326776504517, "Loss for agent1": 0.813518762588501, "Loss for agent2": 0.6330993175506592, "reward": {"adversary_0": -17.58642236690799, "agent_0": -16.19172444591679, "agent_1": -16.19172444591679}, "global step": 1467, "episode": 58, "_wandb": {"runtime": 171}}