{"Loss for agent0": 2.5189099311828613, "step": 281, "_timestamp": 1708000761.8889003, "_runtime": 39.99302339553833, "_step": 846, "Loss for agent1": 0.6153872609138489, "Loss for agent2": 1.145635724067688, "step reward": {"adversary_0": -696.6618486871035, "agent_0": 383.8588146266909, "agent_1": 383.8588146266909}, "global_step": 117, "noise": 0.9993466666666667}