{"game": 0, "_timestamp": 1709573364.5489535, "_runtime": 160.234370470047, "_step": 309, "game steps": {"black_0": 41, "white_0": 40}, "total steps": {"black_0": 40, "white_0": 40}, "score for black_0": 0.0, "score for white_0": 0.0, "loss for black_0": 0.24090343829666863, "learning steps of black_0": 2, "loss for white_0": 0.048001325286371105, "learning steps of white_0": 2}