{"training step": 120, "_timestamp": 1708210896.1560495, "_runtime": 58.48003959655762, "_step": 203, "Loss for agent0": 1.5244369506835938, "Loss for agent1": 0.2870721220970154, "Loss for agent2": 0.41556113958358765, "reward": {"adversary_0": -54.980444799048755, "agent_0": 33.9362664609015, "agent_1": 33.9362664609015}, "global step": 228, "episode": 9, "_wandb": {"runtime": 58}}