{"training step": 5890, "_timestamp": 1708047253.5410697, "_runtime": 516.7883157730103, "_step": 10011, "Loss for agent0": 3.226694345474243, "Loss for agent1": 0.3734762966632843, "Loss for agent2": 0.3961452841758728, "reward": {"adversary_0": -24.66388362993579, "agent_0": 1.5300325195508047, "agent_1": 1.5300325195508047}, "global step": 6228, "episode": 249}