{"training Loss for agent0": 0.07232189178466797, "_timestamp": 1708781123.8686938, "_runtime": 176.0271918773651, "_step": 4513, "training Loss for agent1": 0.07661675661802292, "training Loss for agent2": 0.10953271389007568, "training step": 1101, "evaluation_env  avg_reward": {"adversary_0": -32.282429568220984, "agent_0": -12.90456662401105, "agent_1": -12.90456662401105}, "total steps": 1248, "episode": 49, "_wandb": {"runtime": 175}}