{"training Loss for agent0": 0.059550002217292786, "_timestamp": 1708782160.3575313, "_runtime": 908.4238233566284, "_step": 5504, "training Loss for agent1": 0.11235539615154266, "training Loss for agent2": 0.1923503577709198, "training step": 1101, "evaluation_env  avg_reward": {"adversary_0": -57.8094805188749, "agent_0": 15.471852900357352, "agent_1": 15.471852900357352}, "total steps": 1249, "episode": 49, "_wandb": {"runtime": 907}}