{"training step": 941, "_timestamp": 1708034507.7656286, "_runtime": 70.28128266334534, "_step": 1888, "Loss for agent0": 1.162306785583496, "Loss for agent1": 0.6994650363922119, "Loss for agent3": 0.7129372358322144, "Loss for agent4": 0.9550594091415405, "Loss for agent2": 1.1237444877624512, "reward": {"adversary_0": -792.1354869916537, "agent_0": -36.62534588341322, "agent_1": -36.62534588341322}, "global step": 958, "episode": 9, "_wandb": {"runtime": 69}}