{"training Loss for agent0": 0.29711493849754333, "_timestamp": 1708647867.4236906, "_runtime": 212.42422747612, "_step": 5614, "training Loss for agent1": 0.16174791753292084, "training Loss for agent2": 0.19513168931007385, "training Loss for agent3": 0.16226792335510254, "training step": 1101, "evaluation_env  avg_reward": {"adversary_0": -64.36904667136596, "agent_0": 30.281787714910944, "agent_1": 30.281787714910944, "agent_2": 30.281787714910944}, "total steps": 1248, "episode": 49, "_wandb": {"runtime": 211}}