{"rewards for each step": {"adversary_0": -0.8679733248085068, "agent_0": -0.827562876316115, "agent_1": -0.827562876316115, "agent_2": -0.827562876316115}, "_timestamp": 1709890330.7657323, "_runtime": 19.726263284683228, "_step": 107, "total episode rewards during training": {"adversary_0": -30.335805892944336, "agent_0": -0.8202753067016602, "agent_1": -0.8202753067016602, "agent_2": -0.8202753067016602}, "_wandb": {"runtime": 211}}