{"total episode rewards during training": {"adversary_0": -14.386942863464355, "agent_0": -4.670524597167969, "agent_1": -4.670524597167969}, "_timestamp": 1708982938.8903408, "_runtime": 198.95162391662598, "_step": 4164, "training Loss for agent0": 0.03817683458328247, "training Loss for agent1": 0.13835452497005463, "training Loss for agent2": 0.20362913608551025, "training step": 981, "evaluation_env  avg_reward": {"adversary_0": -40.54137293668249, "agent_0": 25.535895878720375, "agent_1": 25.535895878720375}, "total steps": 1123, "episode": 44, "_wandb": {"runtime": 198}}