{"training step": 4, "_timestamp": 1708044081.771293, "_runtime": 17.823608875274658, "_step": 3, "_wandb": {"runtime": 17}}