{"training step": 1901, "_timestamp": 1708037862.2764306, "_runtime": 63.9227557182312, "_step": 2473, "Loss for agent0": 0.23628352582454681, "Loss for agent1": 0.33269038796424866, "Loss for agent2": 0.3958595097064972, "reward": {"adversary_0": -27.69104230905515, "agent_0": 3.6908404363820297, "agent_1": 3.6908404363820297}, "global step": 2082, "episode": 83, "_wandb": {"runtime": 63}}