{"training step": 4, "_timestamp": 1708043783.0740054, "_runtime": 23.10470747947693, "_step": 3, "_wandb": {"runtime": 23}}