{"training Loss for agent0": 1.596929669380188, "_timestamp": 1708603968.683876, "_runtime": 343.36546993255615, "_step": 9433, "training Loss for agent1": 0.4093437194824219, "training Loss for agent2": 1.3596503734588623, "training step": 2301, "evaluation_env  avg_reward": {"adversary_0": -28.799400035100064, "agent_0": 14.600809003018043, "agent_1": 14.600809003018043}, "total steps": 2498, "episode": 99, "_wandb": {"runtime": 342}}