{"training Loss for agent0": 0.2678503692150116, "_timestamp": 1708382712.4435585, "_runtime": 24.127195358276367, "_step": 203, "training Loss for agent1": 0.3070392608642578, "training Loss for agent2": 0.4425583481788635, "training step": 50, "evaluation env - avg reward": {"adversary_0": -59.32912214847143, "agent_0": 45.56463500349849, "agent_1": 45.56463500349849}, "global step": 144, "episode": 5}