{"training Loss for agent0": 2.8260748386383057, "_timestamp": 1708614076.340326, "_runtime": 300.96774411201477, "_step": 9433, "training Loss for agent1": 0.3772578537464142, "training Loss for agent2": 1.3158636093139648, "training step": 2301, "evaluation_env  avg_reward": {"adversary_0": -33.00988333471883, "agent_0": -6.626068351324838, "agent_1": -6.626068351324838}, "total steps": 2498, "episode": 99, "_wandb": {"runtime": 300}}