{"training Loss for agent0": 0.13670021295547485, "_timestamp": 1708650240.917403, "_runtime": 248.88492703437805, "_step": 5614, "training Loss for agent1": 0.040624238550662994, "training Loss for agent2": 0.19402733445167542, "training Loss for agent3": 0.18772947788238525, "training step": 1101, "evaluation_env  avg_reward": {"adversary_0": -66.43978988764324, "agent_0": 32.5127108052187, "agent_1": 32.5127108052187, "agent_2": 32.5127108052187}, "total steps": 1248, "episode": 49, "_wandb": {"runtime": 248}}