{"training step": 99, "_timestamp": 1708043261.9687588, "_runtime": 28.801142930984497, "_step": 98, "_wandb": {"runtime": 28}}