{"training step": 941, "_timestamp": 1708034265.7914934, "_runtime": 78.95890045166016, "_step": 1888, "Loss for agent0": 1.602708339691162, "Loss for agent1": 1.0177156925201416, "Loss for agent3": 1.1401991844177246, "Loss for agent4": 1.814666748046875, "Loss for agent2": 1.572778344154358, "reward": {"adversary_0": -866.7086193546262, "agent_0": 330.96374571564337, "agent_1": 330.96374571564337}, "global step": 958, "episode": 9, "_wandb": {"runtime": 78}}