{"training Loss for agent0": 0.7884079217910767, "_timestamp": 1708646749.422285, "_runtime": 17.377540111541748, "_step": 1, "training Loss for agent1": 0.6396498680114746, "_wandb": {"runtime": 15}}