{"game": 0, "_timestamp": 1709572472.1092725, "_runtime": 415.81931352615356, "_step": 245, "game steps": {"black_0": 41, "white_0": 40}, "total steps": {"black_0": 40, "white_0": 40}, "score for black_0": 0.0, "score for white_0": 0.0, "loss for black_0": 0.24090343829666863, "learning steps of black_0": 2, "loss for white_0": 0.048001325286371105, "learning steps of white_0": 2}