{"training step": 99, "_timestamp": 1708043472.9228904, "_runtime": 22.034253358840942, "_step": 98, "_wandb": {"runtime": 22}}