{"game": 0, "_timestamp": 1709571898.911865, "_runtime": 44.35380792617798, "_step": 117, "game steps": {"black_0": 20, "white_0": 19}, "total steps": {"black_0": 20, "white_0": 19}, "score for black_0": 0.0, "score for white_0": 0.0}